{"cameraMode":{"drawMode":0,"name":"Shaded","section":"Shading Mode"},"sceneLighting":true,"audioPlay":false,"sceneViewState":{"m_AlwaysRefresh":false,"showFog":true,"showSkybox":true,"showFlares":true,"showImageEffects":true,"showParticleSystems":true,"showVisualEffectGraphs":true,"m_FxEnabled":true},"in2DMode":false,"pivot":{"x":-0.10096979141235352,"y":1.0269999504089356,"z":13.449417114257813},"rotation":{"x":0.3059260845184326,"y":-0.5841883420944214,"z":0.2523645758628845,"w":0.7081602215766907},"size":2.195155620574951,"orthographic":false}