{"cameraMode":{"drawMode":0,"name":"Shaded","section":"Shading Mode"},"sceneLighting":true,"audioPlay":false,"sceneViewState":{"m_AlwaysRefresh":false,"showFog":true,"showSkybox":true,"showFlares":true,"showImageEffects":true,"showParticleSystems":true,"showVisualEffectGraphs":true,"m_FxEnabled":true},"in2DMode":false,"pivot":{"x":6.8446831703186039,"y":7.807592391967773,"z":-10.016749382019043},"rotation":{"x":0.2706247568130493,"y":-0.14942462742328645,"z":0.042563438415527347,"w":0.950065016746521},"size":2.1704893112182619,"orthographic":false}