{"cameraMode":{"drawMode":0,"name":"Shaded","section":"Shading Mode"},"sceneLighting":false,"audioPlay":false,"sceneViewState":{"m_AlwaysRefresh":false,"showFog":true,"showSkybox":false,"showFlares":true,"showImageEffects":true,"showParticleSystems":true,"showVisualEffectGraphs":true,"m_FxEnabled":true},"in2DMode":false,"pivot":{"x":3.6335816383361818,"y":0.5938000082969666,"z":1.1674134731292725},"rotation":{"x":0.29592588543891909,"y":0.1554541438817978,"z":-0.048957742750644687,"w":0.9413507580757141},"size":1.3131093978881837,"orthographic":false}