{"cameraMode":{"drawMode":0,"name":"Shaded","section":"Shading Mode"},"sceneLighting":false,"audioPlay":false,"sceneViewState":{"m_AlwaysRefresh":false,"showFog":false,"showSkybox":false,"showFlares":false,"showImageEffects":false,"showParticleSystems":false,"showVisualEffectGraphs":true,"m_FxEnabled":true},"in2DMode":false,"pivot":{"x":-0.1736682653427124,"y":0.7323254346847534,"z":0.23083019256591798},"rotation":{"x":0.060279667377471927,"y":-0.89216148853302,"z":0.1250666081905365,"w":0.42989903688430788},"size":1.8742094039916993,"orthographic":false}